Kanon_Status,distrubtion of Kanon_Status,distribution of Kanon_Status (relative share)
very low,862,0.6814229249011857
low,155,0.1225296442687747
mid,151,0.11936758893280633
high,97,0.0766798418972332
