Gender,distrubtion of Gender,distribution of Gender (relative share)
Male,843,0.6842532467532467
Female,229,0.1858766233766234
unknown,160,0.12987012987012986
