Gattungslabel_ED_normalisiert,Count,Proportion
Erzählung,360,0.0920951650038373
Kolportage,563,0.14402660526989
Märchen (fairy tale),2,0.0005116398055768739
Novelle,565,0.14453824507546686
Roman (novel),201,0.051419800460475826
Rubrik: Erzählungen und Novellen,2077,0.5313379380915835
other journal content,11,0.0028140189306728063
other prose fiction,130,0.0332565873624968
Total,3909,1.0
